{"cameraMode":{"drawMode":0,"name":"Shaded","section":"Shading Mode"},"sceneLighting":false,"audioPlay":false,"sceneViewState":{"showFog":true,"showMaterialUpdate":false,"showSkybox":true,"showFlares":true,"showImageEffects":true,"showParticleSystems":true},"in2DMode":false,"pivot":{"x":-67.02000427246094,"y":11.672380447387696,"z":-3.088648796081543},"rotation":{"x":0.22981607913970948,"y":0.008758217096328736,"z":-0.0020685179624706508,"w":0.9731924533843994},"size":217.14198303222657,"orthographic":false}